Subplot_ID,Rep,Awning,Treatment,Genotype,Grid_Location,Jul_21_IR,Jul_11_IR
60101,1,1,wet,TB_0135,A6,35.98625,34.2165625
60102,1,1,wet,B100,A5,35.237125,33.397625
60103,1,1,wet,TB_0254,A4,36.5531875,33.8581875
60104,1,1,wet,TB_0500,A3,36.7085,34.851375
60105,1,1,wet,TB_0353,A2,36.389125,36.2651875
60106,1,1,wet,TB_0319,A1,37.7205,39.270375
60107,1,1,wet,TB_0513,B6,35.4238125,35.1545
60108,1,1,wet,TB_0128,B5,36.2773125,34.6341875
60109,1,1,wet,B100,B4,35.22275,34.283875
60110,1,1,wet,TB_0165,B3,34.94575,33.5429375
60111,1,1,wet,TB_0544,B2,35.3513125,34.093625
60112,1,1,wet,TB_0161,B1,35.23425,33.8150625
60113,1,1,wet,TB_0640,C6,34.145375,33.18225
60114,1,1,wet,TB_0429,C5,35.768875,33.6815
60115,1,1,wet,TB_0487,C4,35.353125,34.012625
60116,1,1,wet,TB_0366,C3,35.30025,34.9796875
60117,1,1,wet,TB_0275,C2,35.095625,34.8221875
60118,1,1,wet,B100,C1,34.7551875,33.5275625
60119,1,1,wet,TB_0336,D6,35.445875,37.37075
60120,1,1,wet,B100,D5,35.7679375,35.3265625
60121,1,1,wet,TB_0095,D4,36.633375,34.9674375
60122,1,1,wet,TB_0436,D3,35.3395,35.155875
60123,1,1,wet,TB_0508,D2,34.6173125,35.6016875
60124,1,1,wet,TB_0104,D1,34.9461875,34.932375
60125,1,1,wet,TB_0582,E6,36.474875,34.2010625
60126,1,1,wet,TB_0154,E5,36.7346875,35.8638125
60127,1,1,wet,TB_0096,E4,36.320875,34.376875
60128,1,1,wet,TB_0211,E3,35.9078125,37.2355
60129,1,1,wet,TB_0039,E2,35.3353125,34.86425
60130,1,1,wet,TB_0029,E1,35.1061875,36.5430625
60131,1,1,wet,TB_0337,F6,49.554125,38.3275
60132,1,1,wet,TB_0023,F5,35.3485,33.9685
60133,1,1,wet,TB_0418,F4,35.247625,33.565375
60134,1,1,wet,B100,F3,35.11025,33.274125
60135,1,1,wet,TB_0509,F2,35.3865,33.4663125
60136,1,1,wet,TB_0594,F1,35.21325,35.15875
60137,1,1,wet,TB_0125,G6,35.8760625,33.443125
60138,1,1,wet,TB_0611,G5,34.8409375,33.261
60139,1,1,wet,TB_0101,G4,35.2151875,34.02075
60140,1,1,wet,TB_0477,G3,35.082875,35.4649375
60141,1,1,wet,TB_0428,G2,35.0285,34.0874375
60142,1,1,wet,TB_0467,G1,35.408,33.4436875
60143,1,1,wet,TB_0549,H6,35.2264375,35.443875
60144,1,1,wet,TB_0590,H5,35.786125,36.0333125
60145,1,1,wet,B100,H4,35.225375,35.5246875
60146,1,1,wet,TB_0407,H3,35.086375,34.3734375
60147,1,1,wet,TB_0109,H2,34.9936875,34.2695
60148,1,1,wet,TB_0605,H1,35.3696875,34.086125
60149,1,1,wet,B100,I6,34.9150625,35.02475
60150,1,1,wet,TB_0068,I5,34.6304375,33.7701875
60151,1,1,wet,TB_0127,I4,34.9663125,34.22925
60152,1,1,wet,TB_0281,I3,35.948875,36.293125
60153,1,1,wet,TB_0497,I2,35.62025,36.023375
60154,1,1,wet,TB_0475,I1,36.0466875,35.44975
60155,1,1,wet,TB_0558,J6,35.6619375,33.937125
60156,1,1,wet,TB_0386,J5,35.2014375,33.1444375
60157,1,1,wet,TB_0126,J4,35.2465625,33.2328125
60158,1,1,wet,TB_0347,J3,35.582,34.2744375
60159,1,1,wet,B100,J2,35.9426875,35.3591875
60160,1,1,wet,TB_0269,J1,39.0231875,36.0111875
60201,1,2,wet,TB_0411,A7,35.28375,34.8299375
60202,1,2,wet,B100,A8,35.2659375,33.780625
60203,1,2,wet,TB_0530,A9,35.1998125,34.959125
60204,1,2,wet,TB_0559,A10,35.2946875,33.8855625
60205,1,2,wet,TB_0297,A11,36.49475,35.9736875
60206,1,2,wet,TB_0343,A12,40.2528125,40.9603125
60207,1,2,wet,TB_0339,B7,35.183,33.7703125
60208,1,2,wet,TB_0597,B8,35.034625,33.9065625
60209,1,2,wet,B100,B9,34.939625,34.6696875
60210,1,2,wet,TB_0122,B10,35.144625,34.4378125
60211,1,2,wet,TB_0381,B11,35.7181875,34.334
60212,1,2,wet,TB_0124,B12,36.4459375,35.582125
60213,1,2,wet,TB_0205,C7,48.4919375,38.9345
60214,1,2,wet,TB_0447,C8,35.8098125,36.954875
60215,1,2,wet,TB_0446,C9,35.1946875,34.279
60216,1,2,wet,TB_0529,C10,36.17875,36.5958125
60217,1,2,wet,TB_0492,C11,35.56,34.1790625
60218,1,2,wet,B100,C12,36.159125,35.6910625
60219,1,2,wet,TB_0156,D7,35.9870625,33.4436875
60220,1,2,wet,B100,D8,35.112375,34.4694375
60221,1,2,wet,TB_0382,D9,35.169875,35.4203125
60222,1,2,wet,TB_0551,D10,35.388875,33.939125
60223,1,2,wet,TB_0501,D11,36.173375,36.215375
60224,1,2,wet,TB_0274,D12,37.13375,36.52975
60225,1,2,wet,TB_0486,E7,35.9519375,33.545875
60226,1,2,wet,TB_0550,E8,35.376625,35.193375
60227,1,2,wet,TB_0341,E9,36.071875,36.5426875
60228,1,2,wet,TB_0260,E10,37.4295,35.4701875
60229,1,2,wet,TB_0344,E11,38.382125,37.90525
60230,1,2,wet,TB_0167,E12,38.0664375,36.239375
60231,1,2,wet,TB_0169,F7,35.12775,33.8175625
60232,1,2,wet,TB_0208,F8,36.7665625,36.7208125
60233,1,2,wet,TB_0560,F9,36.5389375,36.5031875
60234,1,2,wet,B100,F10,36.5919375,37.25425
60235,1,2,wet,TB_0434,F11,37.3578125,36.714625
60236,1,2,wet,TB_0037,F12,37.532375,34.571125
60237,1,2,wet,TB_0402,G7,35.3963125,35.459625
60238,1,2,wet,TB_0412,G8,36.0185,36.5380625
60239,1,2,wet,TB_0346,G9,37.8820625,36.598875
60240,1,2,wet,TB_0420,G10,36.209375,35.413625
60241,1,2,wet,TB_0612,G11,36.600375,35.868
60242,1,2,wet,TB_0476,G12,36.42875,35.0941875
60243,1,2,wet,TB_0368,H7,35.2055625,33.65
60244,1,2,wet,TB_0424,H8,35.51,35.30325
60245,1,2,wet,B100,H9,35.4513125,36.14175
60246,1,2,wet,TB_0641,H10,35.5400625,34.5428125
60247,1,2,wet,TB_0056,H11,35.9573125,37.7835
60248,1,2,wet,TB_0340,H12,36.5935625,37.75325
60249,1,2,wet,B100,I7,34.7871875,33.790875
60250,1,2,wet,TB_0046,I8,36.3878125,34.41975
60251,1,2,wet,TB_0348,I9,35.645,37.161
60252,1,2,wet,TB_0148,I10,36.3475625,35.8908125
60253,1,2,wet,TB_0103,I11,35.448375,34.2795625
60254,1,2,wet,TB_0212,I12,36.4564375,34.628875
60255,1,2,wet,TB_0554,J7,35.23275,33.864125
60256,1,2,wet,TB_0527,J8,35.1719375,33.6786875
60257,1,2,wet,TB_0278,J9,35.319125,34.9436875
60258,1,2,wet,TB_0439,J10,35.1006875,33.867
60259,1,2,wet,B100,J11,34.982375,33.921125
60260,1,2,wet,TB_0401,J12,35.471375,34.4176875
60301,1,3,wet,TB_0204,A18,42.623125,34.4305625
60302,1,3,wet,B100,A17,36.6984375,33.959125
60303,1,3,wet,TB_0258,A16,36.5085,34.08025
60304,1,3,wet,TB_0282,A15,36.9725625,34.0714375
60305,1,3,wet,TB_0577,A14,36.85025,35.0823125
60306,1,3,wet,TB_0358,A13,36.981625,34.3920625
60307,1,3,wet,TB_0534,B18,36.130625,33.5286875
60308,1,3,wet,TB_0384,B17,36.292,34.3899375
60309,1,3,wet,B100,B16,36.2511875,35.0094375
60310,1,3,wet,A10,B15,37.5391875,34.686625
60311,1,3,wet,TB_0610,B14,36.3404375,33.5259375
60312,1,3,wet,TB_0064,B13,36.5596875,33.948
60313,1,3,wet,TB_0493,C18,36.1815625,33.25275
60314,1,3,wet,TB_0265,C17,36.93575,34.188625
60315,1,3,wet,TB_0261,C16,35.923875,32.84325
60316,1,3,wet,TB_0256,C15,36.4213125,33.4616875
60317,1,3,wet,TB_0495,C14,36.250625,33.5989375
60318,1,3,wet,B100,C13,36.1745625,33.2135625
60319,1,3,wet,TB_0155,D18,37.219625,33.657125
60320,1,3,wet,B100,D17,36.14975,33.755625
60321,1,3,wet,TB_0342,D16,37.4285625,34.64
60322,1,3,wet,TB_0456,D15,36.361375,33.9101875
60323,1,3,wet,TB_0540,D14,36.384,34.03325
60324,1,3,wet,TB_0606,D13,36.800125,34.028375
60325,1,3,wet,TB_0034,E18,36.2015625,33.6943125
60326,1,3,wet,TB_0137,E17,36.878875,33.1484375
60327,1,3,wet,TB_0555,E16,35.839125,32.9859375
60328,1,3,wet,TB_0547,E15,37.362625,34.3168125
60329,1,3,wet,TB_0050,E14,36.63975,33.235
60330,1,3,wet,TB_0460,E13,36.5888125,33.473875
60331,1,3,wet,TB_0315,F18,37.02925,34.41175
60332,1,3,wet,TB_0411,F17,36.93175,34
60333,1,3,wet,TB_0387,F16,35.9978125,33.6006875
60334,1,3,wet,B100,F15,35.473875,33.37225
60335,1,3,wet,TB_0201,F14,36.1285625,33.54
60336,1,3,wet,TB_0206,F13,47.414125,34.867
60337,1,3,wet,TB_0496,G18,35.737625,33.2275625
60338,1,3,wet,TB_0522,G17,36.8478125,33.89625
60339,1,3,wet,TB_0129,G16,37.50325,34.799625
60340,1,3,wet,TB_0294,G15,37.3525625,35.0853125
60341,1,3,wet,TB_0334,G14,36.037875,34.57225
60342,1,3,wet,TB_0512,G13,36.311625,34.2355
60343,1,3,wet,TB_0357,H18,35.9945,34.7988125
60344,1,3,wet,TB_0107,H17,36.2918125,34.2864375
60345,1,3,wet,B100,H16,36.266125,34.2081875
60346,1,3,wet,TB_0488,H15,36.283,35.1910625
60347,1,3,wet,TB_0031,H14,35.927375,35.1789375
60348,1,3,wet,TB_0063,H13,36.9648125,34.908625
60349,1,3,wet,B100,I18,36.0829375,33.3828125
60350,1,3,wet,TB_0191,I17,35.99675,33.4660625
60351,1,3,wet,TB_0478,I16,35.646625,33.8336875
60352,1,3,wet,TB_0266,I15,35.527625,33.9939375
60353,1,3,wet,TB_0025,I14,35.7763125,34.124875
60354,1,3,wet,TB_0579,I13,36.4685625,34.5161875
60355,1,3,wet,TB_0414,J18,35.830125,33.722375
60356,1,3,wet,TB_0131,J17,35.5235625,33.322875
60357,1,3,wet,TB_0465,J16,36.5875625,33.5040625
60358,1,3,wet,TB_0146,J15,35.8003125,34.102625
60359,1,3,wet,B100,J14,35.5540625,33.791
60360,1,3,wet,TB_0564,J13,37.481125,34.23275
60401,1,4,wet,TB_0581,A19,36.01475,32.1248125
60402,1,4,wet,B100,A20,35.5245625,32.041875
60403,1,4,wet,TB_0255,A21,35.8845,32.35625
60404,1,4,wet,TB_0044,A22,36.5413125,32.6359375
60405,1,4,wet,TB_0417,A23,39.3154375,33.70975
60406,1,4,wet,TB_0228,A24,49.6248125,35.175125
60407,1,4,wet,TB_0469,B19,36.11375,31.72275
60408,1,4,wet,TB_0598,B20,34.892375,31.427125
60409,1,4,wet,B100,B21,35.2918125,31.7201875
60410,1,4,wet,TB_0462,B22,35.1438125,32.082375
60411,1,4,wet,TB_0317,B23,35.542,32.5455
60412,1,4,wet,TB_0503,B24,36.3214375,33.5365625
60413,1,4,wet,TB_0355,C19,36.128625,32.7270625
60414,1,4,wet,TB_0569,C20,35.4328125,32.0239375
60415,1,4,wet,TB_0316,C21,35.565375,32.11425
60416,1,4,wet,TB_0006,C22,35.0015,31.9619375
60417,1,4,wet,TB_0226,C23,35.5690625,32.024625
60418,1,4,wet,B100,C24,35.043375,32.279875
60419,1,4,wet,TB_0130,D19,35.6043125,31.708125
60420,1,4,wet,B100,D20,35.399875,31.61075
60421,1,4,wet,TB_0352,D21,35.44875,32.343875
60422,1,4,wet,TB_0017,D22,35.3285,32.3434375
60423,1,4,wet,TB_0054,D23,35.673125,32.3450625
60424,1,4,wet,TB_0015,D24,36.0515,32.79575
60425,1,4,wet,TB_0259,E19,36.274,32.4679375
60426,1,4,wet,TB_0363,E20,36.504875,32.49275
60427,1,4,wet,TB_0480,E21,36.2705,32.567
60428,1,4,wet,TB_0310,E22,35.4186875,32.3441875
60429,1,4,wet,TB_0437,E23,36.45275,32.7560625
60430,1,4,wet,BLANK,E24,45.864875,37.2750625
60431,1,4,wet,TB_0354,F19,36.2695,32.39825
60432,1,4,wet,TB_0309,F20,36.5905,32.832
60433,1,4,wet,BLANK,F21,39.4825,38.64825
60434,1,4,wet,B100,F22,35.9894375,32.8831875
60435,1,4,wet,TB_0444,F23,36.7688125,32.1164375
60436,1,4,wet,TB_0157,F24,36.567125,32.3219375
60437,1,4,wet,TB_0159,G19,35.537125,32.3631875
60438,1,4,wet,TB_0314,G20,35.3390625,32.515625
60439,1,4,wet,TB_0362,G21,35.5831875,33.4195
60440,1,4,wet,TB_0048,G22,34.7695625,34.050125
60441,1,4,wet,TB_0010,G23,35.1649375,34.667375
60442,1,4,wet,TB_0285,G24,35.363875,33.525375
60443,1,4,wet,TB_0088,H19,35.3006875,32.5665625
60444,1,4,wet,TB_0430,H20,34.943125,32.6629375
60445,1,4,wet,B100,H21,34.6625625,32.2559375
60446,1,4,wet,TB_0433,H22,34.7760625,32.2320625
60447,1,4,wet,TB_0335,H23,35.1773125,32.1873125
60448,1,4,wet,TB_0471,H24,34.9825625,32.5475
60449,1,4,wet,B100,I19,35.0815,31.9365
60450,1,4,wet,TB_0100,I20,35.1900625,32.18225
60451,1,4,wet,TB_0003,I21,35.3305625,31.972125
60452,1,4,wet,TB_0423,I22,35.1931875,32.0100625
60453,1,4,wet,TB_0267,I23,35.0484375,32.09925
60454,1,4,wet,TB_0047,I24,34.871625,32.398125
60455,1,4,wet,TB_0296,J19,35.5404375,32.6088125
60456,1,4,wet,TB_0531,J20,35.044875,32.6728125
60457,1,4,wet,TB_0409,J21,35.295875,32.1295
60458,1,4,wet,TB_0311,J22,35.071875,32.326375
60459,1,4,wet,B100,J23,35.088125,31.7771875
60460,1,4,wet,TB_0239,J24,36.646125,32.24525
60501,1,5,dry,TB_0135,A6,38.722,38.79325
60502,1,5,dry,B100,A5,36.4754375,38.7420625
60503,1,5,dry,TB_0254,A4,41.006,41.8775
60504,1,5,dry,TB_0500,A3,38.11675,41.5309375
60505,1,5,dry,TB_0353,A2,38.19,44.250625
60506,1,5,dry,TB_0319,A1,38.2423125,49.1175
60507,1,5,dry,TB_0513,B6,36.0508125,38.9513125
60508,1,5,dry,TB_0128,B5,38.4693125,38.2266875
60509,1,5,dry,B100,B4,36.3185,43.1141875
60510,1,5,dry,TB_0165,B3,38.18825,46.5215
60511,1,5,dry,TB_0544,B2,36.1625625,38.177125
60512,1,5,dry,TB_0161,B1,37.448375,40.851
60513,1,5,dry,TB_0640,C6,35.310375,37.153625
60514,1,5,dry,TB_0429,C5,40.854125,41.022125
60515,1,5,dry,TB_0487,C4,37.4650625,39.1213125
60516,1,5,dry,TB_0366,C3,42.744625,46.981125
60517,1,5,dry,TB_0275,C2,39.046625,45.1923125
60518,1,5,dry,B100,C1,36.50475,40.4946875
60519,1,5,dry,TB_0336,D6,39.5985,45.86125
60520,1,5,dry,B100,D5,37.842875,42.1780625
60521,1,5,dry,TB_0095,D4,41.102125,40.2146875
60522,1,5,dry,TB_0436,D3,37.135375,39.6616875
60523,1,5,dry,TB_0508,D2,35.5175625,39.14775
60524,1,5,dry,TB_0104,D1,36.7506875,42.8895
60525,1,5,dry,TB_0582,E6,40.001,40.007375
60526,1,5,dry,TB_0154,E5,40.27825,39.9920625
60527,1,5,dry,TB_0096,E4,40.4619375,40.045625
60528,1,5,dry,TB_0211,E3,47.6243125,42.33
60529,1,5,dry,TB_0039,E2,36.570875,37.4928125
60530,1,5,dry,TB_0029,E1,37.4415625,44.5100625
60531,1,5,dry,TB_0337,F6,56.9576875,58.1765
60532,1,5,dry,TB_0023,F5,40.650875,42.1069375
60533,1,5,dry,TB_0418,F4,48.28725,53.556625
60534,1,5,dry,B100,F3,39.9485,44.3195
60535,1,5,dry,TB_0509,F2,38.88875,39.023125
60536,1,5,dry,TB_0594,F1,36.3105625,39.35575
60537,1,5,dry,TB_0125,G6,44.9948125,46.1004375
60538,1,5,dry,TB_0611,G5,37.32775,39.4485625
60539,1,5,dry,TB_0101,G4,45.06525,42.5118125
60540,1,5,dry,TB_0477,G3,36.495375,40.141125
60541,1,5,dry,TB_0428,G2,38.034375,41.20425
60542,1,5,dry,TB_0467,G1,35.7093125,37.9045
60543,1,5,dry,TB_0549,H6,37.8095,40.827875
60544,1,5,dry,TB_0590,H5,38.13725,39.9414375
60545,1,5,dry,B100,H4,38.434125,43.615375
60546,1,5,dry,TB_0407,H3,37.521375,44.920125
60547,1,5,dry,TB_0109,H2,36.207375,42.288
60548,1,5,dry,TB_0605,H1,35.40775,38.2198125
60549,1,5,dry,B100,I6,35.914,40.4150625
60550,1,5,dry,TB_0068,I5,35.877,36.6055
60551,1,5,dry,TB_0127,I4,37.0375625,39.534375
60552,1,5,dry,TB_0281,I3,37.9048125,42.4473125
60553,1,5,dry,TB_0497,I2,37.085625,41.5736875
60554,1,5,dry,TB_0475,I1,37.669625,45.8385625
60555,1,5,dry,TB_0558,J6,38.011125,38.9738125
60556,1,5,dry,TB_0386,J5,36.3814375,37.421125
60557,1,5,dry,TB_0126,J4,38.199,38.2771875
60558,1,5,dry,TB_0347,J3,37.8383125,40.4325625
60559,1,5,dry,B100,J2,37.065,40.9356875
60560,1,5,dry,TB_0269,J1,44.4266875,45.501625
60601,1,6,dry,TB_0411,A7,35.5295625,35.68125
60602,1,6,dry,TB_0297,A8,36.4785,36.9909375
60603,1,6,dry,TB_0343,A9,46.3906875,50.9208125
60604,1,6,dry,B100,A10,36.504625,34.9750625
60605,1,6,dry,TB_0530,A11,38.696125,39.103
60606,1,6,dry,TB_0559,A12,39.7733125,36.238
60607,1,6,dry,TB_0339,B7,35.7735625,38.896375
60608,1,6,dry,TB_0597,B8,35.7711875,34.629625
60609,1,6,dry,B100,B9,36.411625,35.945625
60610,1,6,dry,TB_0122,B10,36.9524375,38.0798125
60611,1,6,dry,TB_0381,B11,47.710625,54.8330625
60612,1,6,dry,TB_0124,B12,40.8821875,39.71525
60613,1,6,dry,TB_0205,C7,42.867375,46.9206875
60614,1,6,dry,TB_0447,C8,38.203625,37.1138125
60615,1,6,dry,TB_0446,C9,38.1113125,37.0105
60616,1,6,dry,TB_0529,C10,38.0790625,35.846875
60617,1,6,dry,TB_0492,C11,37.33925,38.4969375
60618,1,6,dry,B100,C12,37.9496875,36.620375
60619,1,6,dry,TB_0156,D7,37.45275,37.12675
60620,1,6,dry,B100,D8,36.1055,35.7950625
60621,1,6,dry,TB_0382,D9,37.2555625,38.360125
60622,1,6,dry,TB_0551,D10,37.2718125,34.829
60623,1,6,dry,TB_0501,D11,37.9848125,40.6915625
60624,1,6,dry,TB_0274,D12,41.330625,45.275875
60625,1,6,dry,TB_0486,E7,35.4135,34.752125
60626,1,6,dry,TB_0550,E8,36.7094375,35.972625
60627,1,6,dry,TB_0341,E9,37.6098125,41.1963125
60628,1,6,dry,TB_0260,E10,49.1176875,41.02075
60629,1,6,dry,TB_0344,E11,45.5505625,45.4555625
60630,1,6,dry,TB_0167,E12,41.994625,42.7173125
60631,1,6,dry,TB_0169,F7,35.6339375,38.53425
60632,1,6,dry,TB_0208,F8,42.4241875,45.746125
60633,1,6,dry,TB_0560,F9,37.775,40.7413125
60634,1,6,dry,B100,F10,36.0633125,36.964
60635,1,6,dry,TB_0037,F11,38.3026875,38.607
60636,1,6,dry,TB_0434,F12,41.6806875,44.4725
60637,1,6,dry,TB_0402,G7,35.744625,37.9439375
60638,1,6,dry,TB_0412,G8,39.96825,41.8181875
60639,1,6,dry,TB_0346,G9,41.630125,43.2783125
60640,1,6,dry,TB_0420,G10,38.675875,42.0359375
60641,1,6,dry,TB_0612,G11,39.2925,37.472625
60642,1,6,dry,TB_0476,G12,40.181125,38.47975
60643,1,6,dry,TB_0368,H7,36.500875,38.478375
60644,1,6,dry,TB_0424,H8,38.706125,37.4695
60645,1,6,dry,B100,H9,36.17075,36.113875
60646,1,6,dry,TB_0641,H10,36.8996875,36.34
60647,1,6,dry,TB_0056,H11,39.2296875,47.7845
60648,1,6,dry,TB_0340,H12,38.876125,44.4581875
60649,1,6,dry,B100,I7,35.7079375,36.5211875
60650,1,6,dry,TB_0046,I8,38.5063125,40.751875
60651,1,6,dry,TB_0348,I9,39.1333125,46.4988125
60652,1,6,dry,TB_0148,I10,42.533875,43.5349375
60653,1,6,dry,TB_0103,I11,37.590875,37.2146875
60654,1,6,dry,TB_0212,I12,47.98275,44.130375
60655,1,6,dry,TB_0554,J7,35.77625,34.668125
60656,1,6,dry,TB_0527,J8,36.371875,34.7795625
60657,1,6,dry,TB_0278,J9,38.959625,40.316
60658,1,6,dry,TB_0439,J10,37.136125,35.2899375
60659,1,6,dry,B100,J11,39.174125,42.1706875
60660,1,6,dry,TB_0401,J12,41.5321875,41.8376875
60701,1,7,dry,TB_0204,A18,45.9284375,42.8769375
60702,1,7,dry,B100,A17,36.5875625,37.2195
60703,1,7,dry,TB_0258,A16,36.84425,38.334625
60704,1,7,dry,TB_0282,A15,36.7620625,36.8088125
60705,1,7,dry,TB_0577,A14,37.180125,37.1646875
60706,1,7,dry,TB_0358,A13,37.900375,43.4430625
60707,1,7,dry,TB_0534,B18,36.3976875,34.220625
60708,1,7,dry,TB_0384,B17,37.4193125,36.14175
60709,1,7,dry,B100,B16,36.3098125,37.3328125
60710,1,7,dry,A10,B15,37.1870625,36.92125
60711,1,7,dry,TB_0610,B14,36.3534375,36.9800625
60712,1,7,dry,TB_0064,B13,36.22625,35.9159375
60713,1,7,dry,TB_0493,C18,37.025875,36.558875
60714,1,7,dry,TB_0265,C17,37.3908125,37.7764375
60715,1,7,dry,TB_0261,C16,36.452875,40.4689375
60716,1,7,dry,TB_0256,C15,37.0403125,37.1416875
60717,1,7,dry,TB_0495,C14,36.9659375,36.937875
60718,1,7,dry,B100,C13,36.5280625,36.785125
60719,1,7,dry,TB_0155,D18,37.467375,35.65275
60720,1,7,dry,B100,D17,36.668375,35.36425
60721,1,7,dry,TB_0342,D16,38.08325,42.9055625
60722,1,7,dry,TB_0456,D15,37.1590625,36.3440625
60723,1,7,dry,TB_0540,D14,36.987625,36.6011875
60724,1,7,dry,TB_0606,D13,36.34025,36.3256875
60725,1,7,dry,TB_0034,E18,37.1976875,35.6016875
60726,1,7,dry,TB_0137,E17,39.46825,36.5359375
60727,1,7,dry,TB_0555,E16,35.687125,34.30225
60728,1,7,dry,TB_0547,E15,37.2989375,36.11925
60729,1,7,dry,TB_0050,E14,36.8246875,35.7986875
60730,1,7,dry,TB_0460,E13,36.4731875,36.2689375
60731,1,7,dry,TB_0315,F18,38.128,36.89975
60732,1,7,dry,TB_0441,F17,38.0068125,38.5475625
60733,1,7,dry,TB_0387,F16,36.7119375,37.5803125
60734,1,7,dry,B100,F15,35.858875,35.7219375
60735,1,7,dry,TB_0201,F14,35.9369375,35.3773125
60736,1,7,dry,TB_0206,F13,47.6076875,43.3335625
60737,1,7,dry,TB_0496,G18,38.18825,35.9915625
60738,1,7,dry,TB_0522,G17,37.722625,36.9244375
60739,1,7,dry,TB_0129,G16,39.587875,39.4246875
60740,1,7,dry,TB_0294,G15,38.190125,39.5885
60741,1,7,dry,TB_0334,G14,36.8568125,36.7695625
60742,1,7,dry,TB_0512,G13,36.247125,37.0999375
60743,1,7,dry,TB_0357,H18,37.43825,38.9020625
60744,1,7,dry,TB_0107,H17,36.2995,37.361625
60745,1,7,dry,B100,H16,36.3901875,38.9575625
60746,1,7,dry,TB_0488,H15,36.7859375,35.468125
60747,1,7,dry,TB_0031,H14,36.65125,38.1810625
60748,1,7,dry,TB_0063,H13,36.330375,40.0738125
60749,1,7,dry,B100,I18,35.6445,36.532125
60750,1,7,dry,TB_0191,I17,36.3843125,37.433
60751,1,7,dry,TB_0478,I16,35.9066875,38.3845625
60752,1,7,dry,TB_0266,I15,35.72725,38.3436875
60753,1,7,dry,TB_0025,I14,35.5235625,36.3571875
60754,1,7,dry,TB_0579,I13,37.0091875,40.640375
60755,1,7,dry,TB_0414,J18,35.873375,36.8419375
60756,1,7,dry,TB_0131,J17,35.73425,36.7745625
60757,1,7,dry,TB_0465,J16,35.084875,35.93675
60758,1,7,dry,TB_0146,J15,36.8431875,42.657625
60759,1,7,dry,B100,J14,35.42325,35.7026875
60760,1,7,dry,TB_0564,J13,36.736875,36.0860625
60801,1,8,dry,TB_0581,A19,35.1494375,34.705125
60802,1,8,dry,B100,A20,35.947,35.434
60803,1,8,dry,TB_0255,A21,35.597875,36.652875
60804,1,8,dry,TB_0044,A22,37.0700625,36.505875
60805,1,8,dry,TB_0417,A23,38.11925,38.127375
60806,1,8,dry,TB_0228,A24,59.5305,43.5635
60807,1,8,dry,TB_0469,B19,36.8726875,34.8348125
60808,1,8,dry,TB_0598,B20,34.9825,34.81675
60809,1,8,dry,B100,B21,35.3800625,34.473125
60810,1,8,dry,TB_0462,B22,35.9041875,35.39425
60811,1,8,dry,TB_0317,B23,37.9426875,36.857875
60812,1,8,dry,TB_0503,B24,38.6205,36.204875
60813,1,8,dry,TB_0355,C19,35.55825,38.128875
60814,1,8,dry,TB_0569,C20,35.19,35.2498125
60815,1,8,dry,TB_0316,C21,36.232,35.8021875
60816,1,8,dry,TB_0006,C22,35.5390625,35.31975
60817,1,8,dry,TB_0226,C23,40.822125,37.5725
60818,1,8,dry,B100,C24,36.6511875,35.731375
60819,1,8,dry,TB_0130,D19,35.980375,35.5990625
60820,1,8,dry,B100,D20,35.4018125,35.0426875
60821,1,8,dry,TB_0352,D21,35.554875,36.9225
60822,1,8,dry,TB_0017,D22,36.1235,35.787
60823,1,8,dry,TB_0054,D23,36.7963125,36.0279375
60824,1,8,dry,TB_0015,D24,38.2069375,35.454875
60825,1,8,dry,TB_0259,E19,36.258375,36.1670625
60826,1,8,dry,TB_0363,E20,35.95675,36.87475
60827,1,8,dry,TB_0480,E21,36.7925,39.9950625
60828,1,8,dry,TB_0310,E22,37.020625,37.0676875
60829,1,8,dry,TB_0437,E23,38.931625,36.88325
60830,1,8,dry,TB_0593,E24,38.0968125,35.798875
60831,1,8,dry,TB_0354,F19,35.2066875,37.53225
60832,1,8,dry,TB_0309,F20,35.69175,36.0439375
60833,1,8,dry,TB_0097,F21,36.2609375,36.3301875
60834,1,8,dry,B100,F22,36.349625,35.1130625
60835,1,8,dry,TB_0444,F23,37.6898125,34.825125
60836,1,8,dry,TB_0157,F24,38.8645625,36.685625
60837,1,8,dry,TB_0159,G19,35.956875,36.6854375
60838,1,8,dry,TB_0314,G20,35.3244375,35.7250625
60839,1,8,dry,TB_0362,G21,35.923125,37.2584375
60840,1,8,dry,TB_0048,G22,36.1765,37.321875
60841,1,8,dry,TB_0010,G23,37.3004375,37.1291875
60842,1,8,dry,TB_0285,G24,38.12825,37.2825625
60843,1,8,dry,TB_0088,H19,34.8284375,36.6225
60844,1,8,dry,TB_0430,H20,36.4671875,36.006875
60845,1,8,dry,B100,H21,34.546125,36.2303125
60846,1,8,dry,TB_0433,H22,39.4655,39.6763125
60847,1,8,dry,TB_0335,H23,37.8944375,36.993125
60848,1,8,dry,TB_0471,H24,38.3481875,36.3381875
60849,1,8,dry,B100,I19,34.762,35.0506875
60850,1,8,dry,TB_0100,I20,35.489,35.868125
60851,1,8,dry,TB_0003,I21,36.9785625,35.7345625
60852,1,8,dry,TB_0423,I22,36.590625,35.9194375
60853,1,8,dry,TB_0267,I23,36.3485625,35.785375
60854,1,8,dry,TB_0047,I24,37.894625,36.280625
60855,1,8,dry,TB_0296,J19,34.9235625,36.2505625
60856,1,8,dry,TB_0531,J20,34.8295,35.0385625
60857,1,8,dry,TB_0409,J21,35.15525,35.7136875
60858,1,8,dry,TB_0311,J22,35.2276875,34.2315625
60859,1,8,dry,B100,J23,34.947625,34.950625
60860,1,8,dry,TB_0239,J24,53.8241875,38.680125
60901,2,9,dry,TB_0423,A6,37.3091875,37.327
60902,2,9,dry,B100,A5,36.1823125,35.24775
60903,2,9,dry,TB_0037,A4,35.510125,35.1228125
60904,2,9,dry,TB_0097,A3,35.13975,35.1293125
60905,2,9,dry,TB_0500,A2,34.804625,36.292875
60906,2,9,dry,TB_0063,A1,34.089375,36.67225
60907,2,9,dry,TB_0476,B6,36.1236875,35.0814375
60908,2,9,dry,TB_0428,B5,36.7079375,35.63575
60909,2,9,dry,B100,B4,35.4796875,38.57475
60910,2,9,dry,TB_0512,B3,35.0733125,36.7998125
60911,2,9,dry,TB_0368,B2,35.2725,35.656875
60912,2,9,dry,TB_0496,B1,34.6026875,36.6513125
60913,2,9,dry,TB_0477,C6,35.1014375,34.862625
60914,2,9,dry,TB_0355,C5,35.69025,36.0294375
60915,2,9,dry,TB_0439,C4,34.73725,33.889125
60916,2,9,dry,TB_0549,C3,34.446,33.6385
60917,2,9,dry,TB_0554,C2,34.1385625,33.8264375
60918,2,9,dry,B100,C1,33.660375,35.0976875
60919,2,9,dry,TB_0212,D6,39.7545625,37.6839375
60920,2,9,dry,B100,D5,35.0529375,34.0660625
60921,2,9,dry,TB_0122,D4,34.284625,33.4681875
60922,2,9,dry,TB_0495,D3,34.24,34.5253125
60923,2,9,dry,TB_0100,D2,35.211,35.5403125
60924,2,9,dry,TB_0577,D1,34.021875,34.0606875
60925,2,9,dry,TB_0205,E6,37.3754375,45.8796875
60926,2,9,dry,TB_0497,E5,35.4443125,35.010625
60927,2,9,dry,TB_0593,E4,35.4418125,34.6331875
60928,2,9,dry,TB_0508,E3,34.151125,34.024375
60929,2,9,dry,TB_0342,E2,36.2025,37.6608125
60930,2,9,dry,TB_0204,E1,39.77575,39.402
60931,2,9,dry,TB_0522,F6,37.4923125,35.437125
60932,2,9,dry,TB_0317,F5,37.58625,37.0085
60933,2,9,dry,TB_0088,F4,35.245875,35.9600625
60934,2,9,dry,B100,F3,35.8754375,40.3840625
60935,2,9,dry,TB_0064,F2,34.593,37.472875
60936,2,9,dry,TB_0154,F1,34.539375,37.4998125
60937,2,9,dry,TB_0465,G6,34.34125,33.429625
60938,2,9,dry,TB_0434,G5,36.1396875,35.3553125
60939,2,9,dry,TB_0315,G4,36.622125,40.8703125
60940,2,9,dry,TB_0206,G3,40.9826875,45.512
60941,2,9,dry,TB_0096,G2,35.2459375,39.871
60942,2,9,dry,TB_0239,G1,35.288,40.2020625
60943,2,9,dry,TB_0128,H6,38.475375,35.1425
60944,2,9,dry,TB_0010,H5,35.62225,35.834
60945,2,9,dry,B100,H4,34.8249375,37.71075
60946,2,9,dry,TB_0429,H3,35.8974375,44.1405625
60947,2,9,dry,TB_0501,H2,34.3521875,36.0935625
60948,2,9,dry,TB_0314,H1,33.7965625,37.2635625
60949,2,9,dry,B100,I6,35.431375,35.44975
60950,2,9,dry,TB_0401,I5,34.896625,34.3680625
60951,2,9,dry,TB_0311,I4,35.09325,34.8979375
60952,2,9,dry,TB_0462,I3,35.62,34.4759375
60953,2,9,dry,TB_0124,I2,34.25475,33.83225
60954,2,9,dry,TB_0256,I1,33.7238125,35.9056875
60955,2,9,dry,TB_0208,J6,39.2673125,39.27275
60956,2,9,dry,TB_0146,J5,35.801125,34.155625
60957,2,9,dry,TB_0109,J4,34.6294375,33.6368125
60958,2,9,dry,TB_0155,J3,35.299875,34.15575
60959,2,9,dry,B100,J2,34.69025,33.963875
60960,2,9,dry,TB_0044,J1,34.124875,33.488375
61001,2,10,dry,TB_0101,A7,36.374625,35.982
61002,2,10,dry,B100,A8,36.19175,37.0759375
61003,2,10,dry,TB_0337,A9,48.415375,55.4245625
61004,2,10,dry,TB_0259,A10,39.106875,36.4388125
61005,2,10,dry,TB_0581,A11,38.120625,35.7305625
61006,2,10,dry,TB_0582,A12,39.7075,35.973625
61007,2,10,dry,TB_0348,B7,36.2874375,38.00025
61008,2,10,dry,TB_0357,B8,36.753875,37.3106875
61009,2,10,dry,B100,B9,35.72325,37.351
61010,2,10,dry,TB_0169,B10,36.7658125,35.946375
61011,2,10,dry,TB_0340,B11,38.16825,36.3310625
61012,2,10,dry,TB_0255,B12,39.5360625,36.4679375
61013,2,10,dry,TB_0418,C7,35.7339375,36.1080625
61014,2,10,dry,TB_0469,C8,35.5014375,36.669
61015,2,10,dry,TB_0023,C9,35.601125,38.4863125
61016,2,10,dry,TB_0530,C10,36.397125,36.781875
61017,2,10,dry,TB_0226,C11,37.7775,37.403
61018,2,10,dry,B100,C12,37.571125,36.251625
61019,2,10,dry,TB_0366,D7,35.1936875,36.37
61020,2,10,dry,B100,D8,34.6096875,34.8846875
61021,2,10,dry,TB_0039,D9,35.6925,34.761875
61022,2,10,dry,TB_0559,D10,35.8779375,34.1429375
61023,2,10,dry,TB_0017,D11,36.7371875,35.844125
61024,2,10,dry,TB_0460,D12,37.4695625,35.3146875
61025,2,10,dry,TB_0412,E7,35.8664375,36.919
61026,2,10,dry,TB_0282,E8,35.3851875,35.836625
61027,2,10,dry,TB_0544,E9,35.6813125,35.272125
61028,2,10,dry,TB_0606,E10,36.420625,35.2979375
61029,2,10,dry,TB_0441,E11,39.5603125,37.3514375
61030,2,10,dry,TB_0433,E12,39.2840625,36.2498125
61031,2,10,dry,TB_0296,F7,35.1573125,36.7954375
61032,2,10,dry,TB_0050,F8,35.5171875,36.6911875
61033,2,10,dry,TB_0127,F9,36.211875,37.1914375
61034,2,10,dry,B100,F10,36.188625,35.9863125
61035,2,10,dry,TB_0191,F11,37.9193125,35.9516875
61036,2,10,dry,TB_0558,F12,39.7148125,35.3190625
61037,2,10,dry,TB_0339,G7,35.8535,39.716
61038,2,10,dry,TB_0156,G8,36.980125,36.692875
61039,2,10,dry,TB_0068,G9,35.9375625,34.9774375
61040,2,10,dry,TB_0409,G10,36.78825,35.8903125
61041,2,10,dry,TB_0579,G11,37.1295,36.7965
61042,2,10,dry,TB_0467,G12,38.483875,34.8666875
61043,2,10,dry,TB_0610,H7,35.0245625,35.596375
61044,2,10,dry,TB_0527,H8,35.627375,35.546
61045,2,10,dry,B100,H9,36.180875,35.9388125
61046,2,10,dry,TB_0125,H10,37.5031875,35.84175
61047,2,10,dry,TB_0354,H11,36.546,36.054625
61048,2,10,dry,TB_0015,H12,36.788,34.619875
61049,2,10,dry,B100,I7,35.0344375,35.5685625
61050,2,10,dry,TB_0407,I8,36.0143125,36.3196875
61051,2,10,dry,TB_0478,I9,36.2584375,36.0146875
61052,2,10,dry,TB_0430,I10,38.9883125,35.625125
61053,2,10,dry,TB_0103,I11,37.1160625,35.1716875
61054,2,10,dry,TB_0611,I12,38.4838125,34.8209375
61055,2,10,dry,TB_0266,J7,35.858625,35.8408125
61056,2,10,dry,TB_0344,J8,36.0049375,34.7084375
61057,2,10,dry,TB_0130,J9,36.63625,34.274
61058,2,10,dry,TB_0430,J10,37.0575625,34.6918125
61059,2,10,dry,B100,J11,35.1395625,34.0084375
61060,2,10,dry,TB_0594,J12,37.3703125,35.7396875
61101,2,11,dry,TB_0503,A18,37.194375,36.852875
61102,2,11,dry,B100,A17,35.671625,36.6798125
61103,2,11,dry,TB_0285,A16,36.00825,36.7604375
61104,2,11,dry,TB_0056,A15,35.1140625,37.3385625
61105,2,11,dry,TB_0540,A14,34.8874375,35.774
61106,2,11,dry,TB_0034,A13,34.6165,36.7925625
61107,2,11,dry,TB_0605,B18,35.679375,34.6150625
61108,2,11,dry,TB_0551,B17,35.6079375,34.3554375
61109,2,11,dry,B100,B16,37.6645625,36.1496875
61110,2,11,dry,TB_0137,B15,36.17775,36.1064375
61111,2,11,dry,TB_0254,B14,35.3904375,36.942625
61112,2,11,dry,TB_0167,B13,34.691375,35.729875
61113,2,11,dry,TB_0165,C18,36.43825,36.37725
61114,2,11,dry,TB_0420,C17,36.874625,35.9604375
61115,2,11,dry,TB_0358,C16,37.9631875,37.427
61116,2,11,dry,TB_0444,C15,36.272,36.4219375
61117,2,11,dry,TB_0265,C14,35.9255,35.98275
61118,2,11,dry,B100,C13,34.944625,37.245125
61119,2,11,dry,TB_0343,D18,42.95275,44.3735625
61120,2,11,dry,B100,D17,36.595125,36.267375
61121,2,11,dry,TB_0447,D16,38.241375,39.457375
61122,2,11,dry,TB_0488,D15,37.3935,37.572125
61123,2,11,dry,TB_0352,D14,37.136125,38.9319375
61124,2,11,dry,TB_0424,D13,35.2186875,38.5068125
61125,2,11,dry,TB_0211,E18,39.82775,38.1995
61126,2,11,dry,TB_0436,E17,41.46275,41.0925
61127,2,11,dry,TB_0046,E16,40.46675,38.565375
61128,2,11,dry,TB_0417,E15,38.66,41.797875
61129,2,11,dry,TB_0316,E14,36.5823125,39.437
61130,2,11,dry,TB_0260,E13,35.5721875,38.6093125
61131,2,11,dry,TB_0258,F18,37.3035,36.3736875
61132,2,11,dry,TB_0598,F17,39.8090625,39.0904375
61133,2,11,dry,TB_0161,F16,39.3681875,39.129
61134,2,11,dry,B100,F15,38.09325,39.1659375
61135,2,11,dry,TB_0387,F14,36.8635,38.2266875
61136,2,11,dry,TB_0456,F13,35.1768125,36.9799375
61137,2,11,dry,TB_0384,G18,38.2880625,37.577375
61138,2,11,dry,TB_0269,G17,43.286,42.8701875
61139,2,11,dry,TB_0267,G16,37.0638125,37.327625
61140,2,11,dry,TB_0148,G15,40.1061875,41.506625
61141,2,11,dry,TB_0597,G14,36.1098125,35.8336875
61142,2,11,dry,TB_0555,G13,34.764625,35.548
61143,2,11,dry,TB_0129,H18,42.933375,39.2864375
61144,2,11,dry,TB_0310,H17,37.1709375,36.856375
61145,2,11,dry,B100,H16,36.9569375,36.9606875
61146,2,11,dry,TB_0493,H15,37.8925,38.009625
61147,2,11,dry,TB_0048,H14,35.934375,36.58325
61148,2,11,dry,TB_0547,H13,35.268125,35.9973125
61149,2,11,dry,B100,I18,35.4566875,35.6375625
61150,2,11,dry,TB_0335,I17,36.187,35.826375
61151,2,11,dry,TB_0531,I16,36.0143125,35.4310625
61152,2,11,dry,TB_0157,I15,36.286625,36.14075
61153,2,11,dry,TB_0446,I14,35.7100625,37.0983125
61154,2,11,dry,TB_0590,I13,34.7365,35.3984375
61155,2,11,dry,BLANK,J18,47.516125,52.2990625
61156,2,11,dry,TB_0341,J17,35.69625,36.212
61157,2,11,dry,TB_0047,J16,35.6064375,35.3271875
61158,2,11,dry,TB_0475,J15,35.6285625,34.6384375
61159,2,11,dry,B100,J14,35.5476875,34.847125
61160,2,11,dry,TB_0095,J13,36.3310625,35.38725
61201,2,12,dry,TB_0437,A19,34.839625,33.8781875
61202,2,12,dry,B100,A20,35.2626875,33.8978125
61203,2,12,dry,TB_0564,A21,35.89725,35.27075
61204,2,12,dry,TB_0513,A22,35.693,35.2984375
61205,2,12,dry,TB_0550,A23,36.6460625,35.8495
61206,2,12,dry,TB_0029,A24,37.6221875,36.5384375
61207,2,12,dry,TB_0131,B19,36.2884375,34.701125
61208,2,12,dry,TB_0362,B20,36.675375,36.1749375
61209,2,12,dry,B100,B21,36.242375,34.9406875
61210,2,12,dry,TB_0336,B22,36.5641875,35.28325
61211,2,12,dry,TB_0309,B23,36.7536875,34.7608125
61212,2,12,dry,TB_0640,B24,36.5983125,35.048125
61213,2,12,dry,TB_0274,C19,34.7498125,35.4759375
61214,2,12,dry,TB_0346,C20,36.8005625,36.9208125
61215,2,12,dry,TB_0319,C21,35.892,36.7476875
61216,2,12,dry,TB_0480,C22,36.0481875,35.99775
61217,2,12,dry,TB_0031,C23,36.1310625,34.573625
61218,2,12,dry,B100,C24,35.85225,32.9245625
61219,2,12,dry,TB_0641,D19,35.00225,33.347
61220,2,12,dry,B100,D20,35.0908125,33.8079375
61221,2,12,dry,TB_0560,D21,35.411,34.6225
61222,2,12,dry,TB_0107,D22,35.8790625,34.220375
61223,2,12,dry,TB_0471,D23,36.718875,35.2083125
61224,2,12,dry,TB_0275,D24,49.453625,37.019375
61225,2,12,dry,TB_0281,E19,35.430625,34.4749375
61226,2,12,dry,TB_0054,E20,35.3769375,34.46825
61227,2,12,dry,TB_0334,E21,35.6388125,34.994375
61228,2,12,dry,TB_0402,E22,35.5665,35.555875
61229,2,12,dry,TB_0363,E23,37.3915625,36.970625
61230,2,12,dry,TB_0486,E24,37.011125,36.6210625
61231,2,12,dry,TB_0135,F19,35.7184375,34.48475
61232,2,12,dry,TB_0228,F20,37.7329375,39.1288125
61233,2,12,dry,TB_0382,F21,35.6628125,37.064875
61234,2,12,dry,B100,F22,35.768875,36.6501875
61235,2,12,dry,TB_0509,F23,36.8135,37.284375
61236,2,12,dry,TB_0006,F24,36.743375,36.1334375
61237,2,12,dry,TB_0529,G19,35.19425,33.7550625
61238,2,12,dry,TB_0347,G20,34.9204375,34.7399375
61239,2,12,dry,TB_0025,G21,35.4908125,35.402125
61240,2,12,dry,TB_0414,G22,36.1203125,35.547875
61241,2,12,dry,TB_0492,G23,36.0310625,35.5279375
61242,2,12,dry,TB_0104,G24,36.33225,35.7838125
61243,2,12,dry,TB_0201,H19,35.2343125,33.5076875
61244,2,12,dry,TB_0534,H20,35.938125,34.3051875
61245,2,12,dry,B100,H21,35.4728125,34.478875
61246,2,12,dry,TB_0569,H22,36.3488125,35.204375
61247,2,12,dry,TB_0003,H23,36.829,36.0434375
61248,2,12,dry,TB_0612,H24,37.1103125,37.5425625
61249,2,12,dry,B100,I19,35.1689375,34.0501875
61250,2,12,dry,TB_0297,I20,34.858625,34.3098125
61251,2,12,dry,TB_0159,I21,36.8285,35.6445
61252,2,12,dry,TB_0126,I22,35.6324375,34.5380625
61253,2,12,dry,TB_0381,I23,35.57925,35.0955
61254,2,12,dry,A10,I24,43.1694375,36.592375
61255,2,12,dry,TB_0487,J19,34.6903125,33.4764375
61256,2,12,dry,TB_0261,J20,34.5975,33.2729375
61257,2,12,dry,TB_0294,J21,35.186875,33.7800625
61258,2,12,dry,TB_0353,J22,35.5449375,34.33475
61259,2,12,dry,B100,J23,34.5900625,34.2438125
61260,2,12,dry,TB_0386,J24,34.9561875,33.884875
61301,2,13,wet,TB_0423,A6,35.63775,33.2300625
61302,2,13,wet,B100,A5,35.6978125,33.367625
61303,2,13,wet,TB_0037,A4,36.6780625,33.9458125
61304,2,13,wet,BLANK,A3,36.1466875,40.6231875
61305,2,13,wet,TB_0500,A2,35.314875,35.4815625
61306,2,13,wet,TB_0063,A1,35.1143125,34.027375
61307,2,13,wet,TB_0428,B6,35.184125,32.796125
61308,2,13,wet,B100,B5,35.796125,33.7214375
61309,2,13,wet,TB_0476,B4,35.998875,33.1879375
61310,2,13,wet,TB_0512,B3,35.4123125,33.6960625
61311,2,13,wet,TB_0368,B2,35.07675,33.4730625
61312,2,13,wet,TB_0496,B1,34.94225,33.729625
61313,2,13,wet,TB_0477,C6,35.0025625,33.0040625
61314,2,13,wet,TB_0355,C5,35.852625,34.265
61315,2,13,wet,TB_0439,C4,36.3554375,32.7695625
61316,2,13,wet,TB_0549,C3,35.77875,33.3038125
61317,2,13,wet,TB_0554,C2,35.084875,33.4803125
61318,2,13,wet,B100,C1,34.8708125,33.4955625
61319,2,13,wet,TB_0212,D6,37.447625,33.2259375
61320,2,13,wet,B100,D5,35.8758125,32.8635625
61321,2,13,wet,TB_0122,D4,36.23125,33.059
61322,2,13,wet,TB_0495,D3,35.9681875,33.700125
61323,2,13,wet,TB_0100,D2,35.586625,32.99225
61324,2,13,wet,TB_0577,D1,35.1551875,33.3475625
61325,2,13,wet,TB_0205,E6,36.184,34.5883125
61326,2,13,wet,TB_0497,E5,37.244625,33.6048125
61327,2,13,wet,TB_0593,E4,36.7074375,33.559875
61328,2,13,wet,TB_0508,E3,35.619625,34.0515
61329,2,13,wet,TB_0342,E2,35.9530625,34.878125
61330,2,13,wet,TB_0204,E1,38.1503125,34.8825
61331,2,13,wet,TB_0522,F6,35.4250625,33.5440625
61332,2,13,wet,TB_0317,F5,36.5970625,34.0115
61333,2,13,wet,TB_0088,F4,35.604625,33.068875
61334,2,13,wet,B100,F3,35.4963125,32.75025
61335,2,13,wet,TB_0064,F2,35.1898125,33.3788125
61336,2,13,wet,TB_0154,F1,35.508625,33.531375
61337,2,13,wet,TB_0465,G6,34.7931875,32.4274375
61338,2,13,wet,TB_0434,G5,35.4364375,32.88125
61339,2,13,wet,TB_0315,G4,35.66225,33.7356875
61340,2,13,wet,TB_0206,G3,37.1981875,35.28025
61341,2,13,wet,TB_0096,G2,35.4478125,33.0445625
61342,2,13,wet,TB_0239,G1,34.8351875,33.5960625
61343,2,13,wet,TB_0128,H6,36.7585,33.8619375
61344,2,13,wet,TB_0010,H5,35.84025,33.81675
61345,2,13,wet,B100,H4,35.881,34.066375
61346,2,13,wet,TB_0429,H3,35.7559375,35.6414375
61347,2,13,wet,TB_0501,H2,35.4448125,35.1524375
61348,2,13,wet,TB_0314,H1,35.6235,34.43975
61349,2,13,wet,B100,I6,35.1054375,32.8764375
61350,2,13,wet,TB_0401,I5,35.720875,33.0398125
61351,2,13,wet,TB_0311,I4,35.3625625,33.4149375
61352,2,13,wet,TB_0462,I3,38.219625,39.0608125
61353,2,13,wet,TB_0124,I2,34.9563125,32.922875
61354,2,13,wet,TB_0256,I1,34.6080625,33.229625
61355,2,13,wet,TB_0208,J6,40.2723125,33.5634375
61356,2,13,wet,TB_0146,J5,35.7884375,32.7076875
61357,2,13,wet,TB_0109,J4,34.5178125,32.4525
61358,2,13,wet,TB_0155,J3,34.7920625,32.344875
61359,2,13,wet,B100,J2,34.547625,32.0533125
61360,2,13,wet,TB_0044,J1,35.2994375,32.5065625
61401,2,14,wet,TB_0101,A7,34.873,33.1470625
61402,2,14,wet,B100,A8,35.1848125,33.3829375
61403,2,14,wet,TB_0337,A9,35.6331875,35.01175
61404,2,14,wet,TB_0259,A10,35.9824375,34.5838125
61405,2,14,wet,TB_0581,A11,36.9586875,33.8388125
61406,2,14,wet,TB_0582,A12,36.8656875,33.704375
61407,2,14,wet,TB_0348,B7,34.362375,33.8048125
61408,2,14,wet,TB_0357,B8,35.0751875,35.82075
61409,2,14,wet,B100,B9,35.6351875,36.08575
61410,2,14,wet,TB_0169,B10,35.61325,34.848375
61411,2,14,wet,TB_0340,B11,35.695,34.8745
61412,2,14,wet,TB_0255,B12,35.788125,34.3726875
61413,2,14,wet,TB_0418,C7,34.6140625,33.0791875
61414,2,14,wet,TB_0469,C8,34.9615,33.86725
61415,2,14,wet,TB_0023,C9,35.731,34.2855625
61416,2,14,wet,TB_0530,C10,35.6104375,34.984
61417,2,14,wet,TB_0226,C11,36.377,34.3094375
61418,2,14,wet,B100,C12,36.087875,36.2159375
61419,2,14,wet,TB_0366,D7,34.62275,33.75875
61420,2,14,wet,B100,D8,34.5593125,33.1200625
61421,2,14,wet,TB_0039,D9,35.8610625,33.7623125
61422,2,14,wet,TB_0559,D10,35.26025,33.08975
61423,2,14,wet,TB_0017,D11,36.00325,33.7175
61424,2,14,wet,TB_0460,D12,36.2101875,34.1319375
61425,2,14,wet,TB_0412,E7,35.6248125,33.3816875
61426,2,14,wet,TB_0282,E8,35.6504375,33.588125
61427,2,14,wet,TB_0544,E9,35.7385625,33.8516875
61428,2,14,wet,TB_0606,E10,35.8066875,35.116875
61429,2,14,wet,TB_0441,E11,35.791125,35.9789375
61430,2,14,wet,TB_0433,E12,36.3899375,34.315375
61431,2,14,wet,TB_0296,F7,34.539875,33.9095625
61432,2,14,wet,TB_0050,F8,34.8911875,34.4668125
61433,2,14,wet,TB_0127,F9,34.6151875,34.37825
61434,2,14,wet,B100,F10,35.048125,34.715
61435,2,14,wet,TB_0191,F11,36.23075,34.295375
61436,2,14,wet,TB_0558,F12,36.456125,34.469625
61437,2,14,wet,TB_0339,G7,34.563375,33.2378125
61438,2,14,wet,TB_0156,G8,34.736875,33.637875
61439,2,14,wet,TB_0068,G9,35.399875,33.20525
61440,2,14,wet,TB_0409,G10,35.05425,33.98425
61441,2,14,wet,TB_0579,G11,35.0235,33.8489375
61442,2,14,wet,TB_0467,G12,36.19125,33.6260625
61443,2,14,wet,TB_0610,H7,34.5540625,33.5965625
61444,2,14,wet,TB_0527,H8,34.9608125,33.769375
61445,2,14,wet,B100,H9,34.7283125,34.14875
61446,2,14,wet,TB_0125,H10,34.730625,34.5268125
61447,2,14,wet,TB_0354,H11,35.611625,34.4984375
61448,2,14,wet,TB_0015,H12,36.3421875,34.2463125
61449,2,14,wet,B100,I7,34.45925,32.7309375
61450,2,14,wet,TB_0611,I8,34.073375,32.8823125
61451,2,14,wet,TB_0103,I9,34.4805625,32.9904375
61452,2,14,wet,TB_0411,I10,34.3459375,34.012375
61453,2,14,wet,TB_0478,I11,35.1321875,34.6234375
61454,2,14,wet,TB_0407,I12,36.0365625,35.3734375
61455,2,14,wet,TB_0266,J7,34.424125,33.1975625
61456,2,14,wet,TB_0344,J8,34.459625,33.1131875
61457,2,14,wet,TB_0130,J9,35.052375,32.992375
61458,2,14,wet,TB_0430,J10,35.4801875,33.036375
61459,2,14,wet,B100,J11,35.35575,32.6589375
61460,2,14,wet,TB_0594,J12,36.195,33.8404375
61501,2,15,wet,TB_0503,A18,37.1575625,33.2776875
61502,2,15,wet,B100,A17,36.4405625,33.6449375
61503,2,15,wet,TB_0285,A16,35.9535625,34.3935
61504,2,15,wet,TB_0056,A15,35.834875,34.2113125
61505,2,15,wet,TB_0540,A14,36.0748125,33.821875
61506,2,15,wet,TB_0034,A13,35.9296875,34.5749375
61507,2,15,wet,TB_0605,B18,35.9090625,32.2973125
61508,2,15,wet,TB_0551,B17,35.828375,32.2969375
61509,2,15,wet,B100,B16,36.09025,32.501375
61510,2,15,wet,TB_0137,B15,35.6665,32.6299375
61511,2,15,wet,TB_0254,B14,35.9298125,32.9621875
61512,2,15,wet,TB_0167,B13,35.7541875,33.0035625
61513,2,15,wet,TB_0165,C18,36.394125,32.1065625
61514,2,15,wet,TB_0420,C17,36.643125,32.6365625
61515,2,15,wet,TB_0358,C16,36.4644375,33.0088125
61516,2,15,wet,TB_0444,C15,36.174625,33.0791875
61517,2,15,wet,TB_0265,C14,36.5604375,33.5370625
61518,2,15,wet,B100,C13,35.4096875,32.92925
61519,2,15,wet,TB_0343,D18,44.076375,33.974125
61520,2,15,wet,B100,D17,36.2023125,32.6971875
61521,2,15,wet,TB_0447,D16,35.853375,32.9865625
61522,2,15,wet,TB_0488,D15,37.1038125,32.8335625
61523,2,15,wet,TB_0352,D14,36.18575,33.6165
61524,2,15,wet,TB_0424,D13,36.316,34.0274375
61525,2,15,wet,TB_0211,E18,36.50225,32.2045625
61526,2,15,wet,TB_0436,E17,36.7359375,33.3886875
61527,2,15,wet,TB_0046,E16,36.8825625,34.3310625
61528,2,15,wet,TB_0417,E15,37.161375,34.202125
61529,2,15,wet,TB_0316,E14,36.47825,33.706
61530,2,15,wet,TB_0260,E13,36.134,33.3675
61531,2,15,wet,TB_0258,F18,36.318875,32.45975
61532,2,15,wet,TB_0598,F17,36.129875,32.9860625
61533,2,15,wet,TB_0161,F16,36.296375,33.104
61534,2,15,wet,B100,F15,35.4453125,33.1648125
61535,2,15,wet,TB_0387,F14,35.811125,34.1209375
61536,2,15,wet,TB_0456,F13,35.7728125,33.424125
61537,2,15,wet,TB_0384,G18,36.9751875,33.39025
61538,2,15,wet,TB_0269,G17,36.25025,37.223
61539,2,15,wet,TB_0267,G16,35.93675,34.1595625
61540,2,15,wet,TB_0148,G15,37.008375,35.904875
61541,2,15,wet,TB_0597,G14,35.6470625,34.088375
61542,2,15,wet,TB_0555,G13,35.2184375,33.0643125
61543,2,15,wet,TB_0129,H18,37.4221875,33.2884375
61544,2,15,wet,TB_0310,H17,36.0739375,33.2025
61545,2,15,wet,B100,H16,35.5658125,33.1145
61546,2,15,wet,TB_0493,H15,35.6400625,32.786375
61547,2,15,wet,TB_0048,H14,35.341375,33.644875
61548,2,15,wet,TB_0547,H13,35.6188125,34.319
61549,2,15,wet,B100,I18,35.171625,31.7685625
61550,2,15,wet,TB_0335,I17,35.104625,32.0480625
61551,2,15,wet,TB_0531,I16,35.39925,32.54225
61552,2,15,wet,TB_0157,I15,35.589,32.2421875
61553,2,15,wet,TB_0446,I14,35.6753125,32.30675
61554,2,15,wet,TB_0590,I13,36.0474375,32.8358125
61555,2,15,wet,TB_0278,J18,35.758,32.377375
61556,2,15,wet,TB_0341,J17,35.28225,32.464875
61557,2,15,wet,TB_0047,J16,35.6353125,33.07425
61558,2,15,wet,TB_0475,J15,35.553625,32.095625
61559,2,15,wet,B100,J14,35.8856875,32.558875
61560,2,15,wet,TB_0095,J13,36.13825,32.118125
61601,2,16,wet,TB_0437,A19,34.5484375,32.949875
61602,2,16,wet,B100,A20,34.803125,33.1179375
61603,2,16,wet,TB_0564,A21,34.7868125,33.349875
61604,2,16,wet,TB_0513,A22,35.5035625,32.8036875
61605,2,16,wet,TB_0550,A23,36.29625,33.13425
61606,2,16,wet,TB_0029,A24,36.104625,33.47525
61607,2,16,wet,TB_0131,B19,34.20225,32.399125
61608,2,16,wet,BLANK,B20,34.58175,35.499125
61609,2,16,wet,B100,B21,35.8193125,32.4998125
61610,2,16,wet,TB_0336,B22,35.993,32.7346875
61611,2,16,wet,TB_0309,B23,35.597,33.108875
61612,2,16,wet,TB_0640,B24,35.280875,33.3665625
61613,2,16,wet,TB_0274,C19,34.4621875,33.891375
61614,2,16,wet,TB_0346,C20,35.6415625,34.3024375
61615,2,16,wet,TB_0319,C21,35.2236875,33.54
61616,2,16,wet,TB_0480,C22,35.615375,33.628375
61617,2,16,wet,TB_0031,C23,35.733875,33.5865625
61618,2,16,wet,B100,C24,35.5559375,32.9101875
61619,2,16,wet,TB_0641,D19,34.4685,33.1
61620,2,16,wet,B100,D20,33.571,32.73175
61621,2,16,wet,TB_0560,D21,34.105,32.801625
61622,2,16,wet,TB_0107,D22,34.73575,32.73175
61623,2,16,wet,TB_0471,D23,35.5461875,33.10325
61624,2,16,wet,TB_0275,D24,38.7294375,34.0905625
61625,2,16,wet,TB_0281,E19,33.7923125,32.945875
61626,2,16,wet,TB_0054,E20,34.1058125,33.4221875
61627,2,16,wet,TB_0334,E21,34.395375,33.244
61628,2,16,wet,TB_0402,E22,35.1265,33.3429375
61629,2,16,wet,TB_0363,E23,35.4059375,33.7709375
61630,2,16,wet,TB_0486,E24,36.02875,33.448375
61631,2,16,wet,TB_0135,F19,33.502625,33.4683125
61632,2,16,wet,TB_0228,F20,34.3913125,36.0824375
61633,2,16,wet,TB_0382,F21,34.05975,34.9273125
61634,2,16,wet,B100,F22,34.328625,33.6106875
61635,2,16,wet,TB_0509,F23,35.3853125,33.4374375
61636,2,16,wet,TB_0006,F24,34.987875,33.63175
61637,2,16,wet,TB_0529,G19,33.989875,32.929
61638,2,16,wet,TB_0347,G20,34.036,33.94575
61639,2,16,wet,TB_0025,G21,35.128125,33.4935
61640,2,16,wet,TB_0414,G22,34.1861875,33.303
61641,2,16,wet,TB_0492,G23,35.05775,33.7688125
61642,2,16,wet,TB_0104,G24,35.181875,34.451875
61643,2,16,wet,TB_0201,H19,33.65,32.7535
61644,2,16,wet,TB_0534,H20,34.4438125,33.1056875
61645,2,16,wet,B100,H21,34.6425625,33.332
61646,2,16,wet,TB_0569,H22,34.1779375,33.4441875
61647,2,16,wet,TB_0003,H23,34.5844375,32.8978125
61648,2,16,wet,TB_0612,H24,34.25775,33.927625
61649,2,16,wet,B100,I19,34.3616875,32.7869375
61650,2,16,wet,TB_0297,I20,33.709875,32.8374375
61651,2,16,wet,TB_0159,I21,34.5954375,32.62075
61652,2,16,wet,TB_0126,I22,34.399375,32.6879375
61653,2,16,wet,TB_0381,I23,34.269875,33.153125
61654,2,16,wet,A10,I24,36.8100625,33.1638125
61655,2,16,wet,TB_0487,J19,33.4923125,32.598
61656,2,16,wet,TB_0261,J20,33.356375,32.6683125
61657,2,16,wet,TB_0294,J21,33.8006875,33.099
61658,2,16,wet,TB_0353,J22,33.4855625,32.7089375
61659,2,16,wet,B100,J23,33.2964375,32.2763125
61660,2,16,wet,TB_0386,J24,34.096375,32.4283125
